{
  "stage1_topic_accuracy": 0.9568965517241379,
  "stage1_topic_f1": 0.9353183896509423,
  "stage2_route_accuracy": 0.5775862068965517,
  "stage2_route_f1": 0.5549548823313063,
  "stage2_route_roc_auc": 0.7555872637267985,
  "topic_misclassifications": 5,
  "total_samples": 116
}