{
  "stage1_topic_accuracy": 0.9568965517241379,
  "stage1_topic_f1": 0.9353183896509423,
  "stage2_route_accuracy": 0.5775862068965517,
  "stage2_route_f1": 0.5508459693924793,
  "stage2_route_roc_auc": 0.7410731840161539,
  "topic_misclassifications": 5,
  "total_samples": 116
}