{
  "accuracy": 0.5775862068965517,
  "macro_f1": 0.5508459693924793,
  "weighted_f1": 0.5622750422541538,
  "macro_precision": 0.5875512995896033,
  "macro_recall": 0.5674434024817656,
  "roc_auc": 0.7410731840161539,
  "confusion_matrix": [
    [
      10,
      17,
      7
    ],
    [
      1,
      28,
      7
    ],
    [
      6,
      11,
      29
    ]
  ],
  "central_route_precision": 0.5882352941176471,
  "central_route_recall": 0.29411764705882354,
  "central_route_f1": 0.39215686274509803,
  "central_route_support": 34,
  "peripheral_route_precision": 0.5,
  "peripheral_route_recall": 0.7777777777777778,
  "peripheral_route_f1": 0.6086956521739131,
  "peripheral_route_support": 36,
  "neutral_route_precision": 0.6744186046511628,
  "neutral_route_recall": 0.6304347826086957,
  "neutral_route_f1": 0.651685393258427,
  "neutral_route_support": 46
}