{
  "accuracy": 0.603448275862069,
  "macro_f1": 0.572414451847076,
  "weighted_f1": 0.6086624375325769,
  "macro_precision": 0.6198052052244792,
  "macro_recall": 0.6098724954462659,
  "roc_auc": 0.7820329761313367,
  "confusion_matrix": [
    [
      11,
      14,
      5
    ],
    [
      0,
      21,
      4
    ],
    [
      6,
      17,
      38
    ]
  ],
  "central_route_precision": 0.6470588235294118,
  "central_route_recall": 0.36666666666666664,
  "central_route_f1": 0.46808510638297873,
  "central_route_support": 30,
  "peripheral_route_precision": 0.40384615384615385,
  "peripheral_route_recall": 0.84,
  "peripheral_route_f1": 0.5454545454545454,
  "peripheral_route_support": 25,
  "neutral_route_precision": 0.8085106382978723,
  "neutral_route_recall": 0.6229508196721312,
  "neutral_route_f1": 0.7037037037037037,
  "neutral_route_support": 61
}