{
  "stage1_topic_accuracy": 0.9568965517241379,
  "stage1_topic_f1": 0.9353183896509423,
  "stage2_route_accuracy": 0.5431034482758621,
  "stage2_route_f1": 0.3907189368328143,
  "stage2_route_roc_auc": 0.653186710777256,
  "topic_misclassifications": 5,
  "total_samples": 116
}