{
  "accuracy": 0.9966666666666667,
  "macro_f1": 0.9966666296292181,
  "weighted_f1": 0.996666629629218,
  "macro_precision": 0.9966887417218543,
  "macro_recall": 0.9966666666666666,
  "roc_auc": 0.0,
  "confusion_matrix": [
    [
      150,
      0
    ],
    [
      1,
      149
    ]
  ],
  "health_precision": 0.9933774834437086,
  "health_recall": 1.0,
  "health_f1": 0.9966777408637874,
  "health_support": 150,
  "technology_precision": 1.0,
  "technology_recall": 0.9933333333333333,
  "technology_f1": 0.9966555183946488,
  "technology_support": 150
}