{
  "accuracy": 0.4827586206896552,
  "macro_f1": 0.4562220274149906,
  "weighted_f1": 0.5036596377234469,
  "macro_precision": 0.5274737802097583,
  "macro_recall": 0.5239651416122004,
  "roc_auc": 0.7069144483413544,
  "confusion_matrix": [
    [
      10,
      15,
      9
    ],
    [
      2,
      14,
      2
    ],
    [
      5,
      27,
      32
    ]
  ],
  "central_route_precision": 0.5882352941176471,
  "central_route_recall": 0.29411764705882354,
  "central_route_f1": 0.39215686274509803,
  "central_route_support": 34,
  "peripheral_route_precision": 0.25,
  "peripheral_route_recall": 0.7777777777777778,
  "peripheral_route_f1": 0.3783783783783784,
  "peripheral_route_support": 18,
  "neutral_route_precision": 0.7441860465116279,
  "neutral_route_recall": 0.5,
  "neutral_route_f1": 0.5981308411214953,
  "neutral_route_support": 64
}