{
  "accuracy": 0.996199782844734,
  "macro_f1": 0.9961938048225385,
  "weighted_f1": 0.996199782844734,
  "macro_precision": 0.9961938048225385,
  "macro_recall": 0.9961938048225385,
  "roc_auc": 0.0,
  "confusion_matrix": [
    [
      1908,
      7
    ],
    [
      7,
      1762
    ]
  ],
  "health_precision": 0.9963446475195823,
  "health_recall": 0.9963446475195823,
  "health_f1": 0.9963446475195823,
  "health_support": 1915,
  "technology_precision": 0.9960429621254946,
  "technology_recall": 0.9960429621254946,
  "technology_f1": 0.9960429621254946,
  "technology_support": 1769
}